{
    "0": "Sem autonomia - modo manual total",
    "1": "Apenas respostas básicas com permissão",
    "2": "Respostas avançadas sob consulta",
    "3": "Ações simples automatizadas",
    "4": "Ações em grupo sob controle do ADM",
    "5": "Autonomia padrão operacional",
    "6": "Tomada de decisões estratégicas (Symbio)",
    "7": "Criação de tarefas, posts e campanhas",
    "8": "Execução autônoma com aprendizado",
    "9": "Análise de dados e tomadas de decisões com IA",
    "10": "Autonomia total com feedback ao ADM"
}